preset,type,strategy,mu,nu,H,avg_fee,fee_cv,time_underfunded_pct,max_deficit,deficit_correction_efficiency
Optimal (OLD),OLD,Optimal,0.0,0.3,288,3.417556107755447e-05,0.5094413985837052,0.0,0.06841216902603264,1.0
Balanced (OLD),OLD,Balanced,0.0,0.1,576,1.8875600570770928e-05,0.5356686067386724,64.0,0.20132857776820856,1.0
Crisis (OLD),OLD,Crisis,0.0,0.9,144,3.764515303859983e-05,1.0122905125824668,0.0,0.06856194428667095,1.0
Optimal (NEW),NEW,Optimal,0.0,0.1,36,3.637174702022125e-05,0.708318626681586,0.0,0.06882601816948863,1.0
Balanced (NEW),NEW,Balanced,0.0,0.2,72,3.723612102420753e-05,0.7187273731046989,0.0,0.06857523035853319,1.0
Crisis (NEW),NEW,Crisis,0.0,0.7,288,3.5651011702914125e-05,0.6680059741082194,0.0,0.06862127523675099,1.0
